{ "serverUri": "https://biz.cast-tv.app/",
  "severUriSecond": "https://ws.cast-tv.app/DemoTV_PlayerAPI",
  "severUriDev": "http://iptv_biz.ottcrm.com/",
  "severUriLocal": "https://biz.cast-tv.app/",
  "severUriProd": "http://biz.cannbis.tv/",
  "severUriProd2": "https://www.tv2go.co.za/biz/",
  "envMode": "Production",
  "allEnvMode": "Test/Develop/Production",
  "systemId": "30",
  "bizTimeoutMili": 15000,
  "bizWaitAfterFailMili": 15000,
  "theme": "vodacom-gray",
  "allThemeOptions": "telkom-blue/vodacom-gray",
  "debugMode": "true",
  "forceAdsLink": ""
}
